second,elapsed_seconds,moisture_pct,sensing_raw_mrt,sensing_filt_mrt,sensing_rssi,ref_raw_mrt,ref_filt_mrt,ref_rssi,dmrt
1,1.84,93.0,,,,,,,
2,3.68,93.0,,,,,,,
3,5.44,93.0,26.0,26.0,-71,,,,
4,7.31,93.0,,,,,,,
5,9.05,93.0,26.0,26.0,-73,,,,
6,10.19,93.0,22.0,25.2,-72,,,,
7,12.08,93.0,,,,,,,
8,13.92,93.0,,,,,,,
9,15.78,93.0,,,,,,,
10,17.63,93.0,,,,,,,
11,19.47,93.0,,,,,,,
12,21.7,93.0,,,,,,,
13,23.55,93.0,,,,,,,
14,25.39,93.0,,,,,,,
15,27.25,93.0,,,,,,,
16,29.28,93.0,,,,,,,
17,31.12,93.0,,,,,,,
18,32.97,93.0,,,,,,,
19,34.81,93.0,,,,,,,
20,36.67,93.0,,,,,,,
21,38.53,93.0,,,,,,,
22,40.36,93.0,,,,,,,
23,42.4,93.0,,,,,,,
24,44.24,93.0,,,,,,,
25,46.09,93.0,,,,,,,
26,47.96,93.0,,,,,,,
27,49.81,93.0,,,,,,,
28,51.68,93.0,,,,,,,
29,53.54,93.0,,,,,,,
30,55.67,93.0,,,,,,,
31,57.61,93.0,,,,,,,
32,59.45,93.0,,,,,,,
33,61.32,93.0,,,,,,,
34,63.18,93.0,,,,,,,
35,65.23,93.0,,,,,,,
36,67.35,93.0,,,,,,,
37,69.29,93.0,,,,,,,
38,71.23,93.0,,,,,,,
39,73.11,93.0,,,,,,,
40,74.97,93.0,,,,,,,
41,77.02,93.0,,,,,,,
42,79.06,93.0,,,,,,,
43,80.92,93.0,,,,,,,
44,82.67,93.0,26.0,25.36,-73,,,,
45,84.57,93.0,,,,,,,
46,86.41,93.0,,,,,,,
47,88.45,93.0,,,,,,,
48,90.31,93.0,,,,,,,
49,92.18,93.0,,,,,,,
50,94.21,93.0,,,,,,,
51,96.51,93.0,,,,,,,
52,98.37,93.0,,,,,,,
53,100.5,93.0,26.0,25.49,-74,,,,
54,102.38,93.0,,,,,,,
55,104.41,93.0,,,,,,,
56,106.26,93.0,,,,,,,
57,108.1,93.0,,,,,,,
58,110.14,93.0,,,,,,,
59,112.17,93.0,,,,,,,
60,114.02,93.0,,,,,,,
61,115.85,93.0,,,,,,,
62,117.7,93.0,,,,,,,
63,119.55,93.0,,,,,,,
64,121.59,93.0,,,,,,,
65,123.43,93.0,,,,,,,
66,125.29,93.0,,,,,,,
67,127.13,93.0,,,,,,,
68,128.99,93.0,,,,,,,
69,130.84,93.0,,,,,,,
70,132.69,93.0,,,,,,,
71,134.54,93.0,,,,,,,
72,136.39,93.0,,,,,,,
73,138.43,93.0,,,,,,,
74,140.27,93.0,,,,,,,
75,142.15,93.0,,,,,,,
76,144.01,93.0,,,,,,,
77,145.86,93.0,,,,,,,
78,147.7,93.0,,,,,,,
79,149.55,93.0,,,,,,,
80,151.42,93.0,,,,,,,
81,153.22,93.0,26.0,25.59,-72,,,,
82,155.06,93.0,,,,,,,
83,156.91,93.0,,,,,,,
84,158.96,93.0,,,,,,,
85,160.8,93.0,,,,,,,
86,162.84,93.0,,,,,,,
87,164.68,93.0,,,,,,,
88,166.53,93.0,,,,,,,
89,168.37,93.0,,,,,,,
90,170.22,93.0,,,,,,,
91,172.25,93.0,,,,,,,
92,174.1,93.0,,,,,,,
93,176.14,93.0,,,,,,,
94,177.99,93.0,,,,,,,
95,180.03,93.0,,,,,,,
96,181.86,93.0,,,,,,,
97,183.73,93.0,,,,,,,
98,185.76,93.0,,,,,,,
99,187.69,93.0,,,,,,,
100,189.64,93.0,,,,,,,
101,191.47,93.0,,,,,,,
102,193.33,93.0,,,,,,,
103,195.18,93.0,,,,,,,
104,197.3,93.0,,,,,,,
105,199.16,93.0,,,,,,,
106,201.0,93.0,,,,,,,
107,202.87,93.0,,,,,,,
108,204.71,93.0,,,,,,,
109,206.75,93.0,,,,,,,
110,208.6,93.0,,,,,,,
111,210.44,93.0,,,,,,,
112,212.57,93.0,,,,,,,
113,214.41,93.0,,,,,,,
114,216.44,93.0,,,,,,,
115,218.29,93.0,,,,,,,
116,220.13,93.0,,,,,,,
117,221.97,93.0,,,,,,,
118,224.01,93.0,,,,,,,
119,225.85,93.0,,,,,,,
120,227.71,93.0,,,,,,,
121,229.55,93.0,,,,,,,
122,231.42,93.0,,,,,,,
123,233.27,93.0,,,,,,,
124,235.11,93.0,,,,,,,
125,236.97,93.0,,,,,,,
126,238.81,93.0,,,,,,,
127,240.65,93.0,,,,,,,
128,242.5,93.0,,,,,,,
129,244.34,93.0,,,,,,,
130,246.18,93.0,,,,,,,
131,248.23,93.0,,,,,,,
132,250.07,93.0,,,,,,,
133,251.92,93.0,,,,,,,
134,253.76,93.0,,,,,,,
135,255.81,93.0,,,,,,,
136,257.84,93.0,,,,,,,
137,259.69,93.0,,,,,,,
138,261.53,93.0,,,,,,,
139,263.37,93.0,,,,,,,
140,265.22,93.0,,,,,,,
141,267.25,93.0,,,,,,,
142,269.11,93.0,,,,,,,
143,270.95,93.0,,,,,,,
144,272.8,93.0,,,,,,,
145,274.66,93.0,,,,,,,
146,276.69,93.0,,,,,,,
147,278.54,93.0,,,,,,,
148,280.66,93.0,,,,,,,
149,282.52,93.0,,,,,,,
150,284.57,93.0,,,,,,,
151,286.42,93.0,,,,,,,
152,288.46,93.0,,,,,,,
153,290.49,93.0,,,,,,,
154,292.33,93.0,,,,,,,
155,294.18,93.0,,,,,,,
156,296.02,93.0,,,,,,,
157,298.08,93.0,,,,,,,
158,299.87,93.0,26.0,25.67,-72,,,,
159,301.73,93.0,,,,,,,
160,303.59,93.0,,,,,,,
161,305.44,93.0,,,,,,,
162,307.31,93.0,,,,,,,
163,309.43,93.0,,,,,,,
164,311.28,93.0,,,,,,,
165,313.15,93.0,,,,,,,
166,315.01,93.0,,,,,,,
167,316.86,93.0,,,,,,,
168,318.79,93.0,26.0,25.74,-71,,,,
169,320.69,93.0,,,,,,,
170,322.55,93.0,,,,,,,
171,324.4,93.0,,,,,,,
172,326.24,93.0,,,,,,,
173,328.1,93.0,,,,,,,
174,330.13,93.0,,,,,,,
175,332.16,93.0,,,,,,,
176,334.01,93.0,,,,,,,
177,335.85,93.0,,,,,,,
178,337.71,93.0,,,,,,,
179,339.74,93.0,,,,,,,
180,341.78,93.0,,,,,,,
181,343.61,93.0,,,,,,,
182,345.56,93.0,,,,,,,
183,347.68,93.0,,,,,,,
184,349.71,93.0,,,,,,,
185,351.56,93.0,,,,,,,
186,353.41,93.0,,,,,,,
187,355.26,93.0,,,,,,,
188,357.14,93.0,,,,,,,
189,359.26,93.0,,,,,,,
190,360.86,93.0,25.0,25.59,-73,,,,
191,362.75,93.0,,,,,,,
192,364.59,93.0,,,,,,,
193,366.44,93.0,,,,,,,
194,368.28,93.0,,,,,,,
195,370.14,93.0,,,,,,,
196,372.01,93.0,,,,,,,
197,373.85,93.0,,,,,,,
198,375.69,93.0,,,,,,,
199,377.92,93.0,,,,,,,
200,379.77,93.0,,,,,,,
201,381.63,93.0,,,,,,,
202,383.47,93.0,,,,,,,
203,385.34,93.0,,,,,,,
204,387.08,93.0,26.0,25.67,-73,,,,
205,389.15,93.0,,,,,,,
206,391.02,93.0,,,,,,,
207,392.87,93.0,,,,,,,
208,394.92,93.0,,,,,,,
209,396.77,93.0,,,,,,,
210,398.56,93.0,26.0,25.74,-72,,,,
211,400.44,93.0,25.0,25.59,-72,,,,
212,402.51,93.0,,,,,,,
213,404.57,93.0,,,,,,,
214,406.41,93.0,,,,,,,
215,408.25,93.0,,,,,,,
216,410.3,93.0,,,,,,,
217,412.17,93.0,,,,,,,
218,414.19,93.0,,,,,,,
219,416.14,93.0,,,,,,,
220,418.17,93.0,,,,,,,
221,420.01,93.0,,,,,,,
222,422.06,93.0,,,,,,,
223,423.92,93.0,,,,,,,
224,425.76,93.0,,,,,,,
225,427.79,93.0,,,,,,,
226,429.63,93.0,,,,,,,
227,431.68,93.0,,,,,,,
228,433.52,93.0,,,,,,,
229,435.37,93.0,,,,,,,
230,437.21,93.0,,,,,,,
231,439.07,93.0,,,,,,,
232,440.92,93.0,,,,,,,
233,442.76,93.0,,,,,,,
234,444.6,93.0,,,,,,,
235,446.45,93.0,,,,,,,
236,448.29,93.0,,,,,,,
237,450.16,93.0,,,,,,,
238,452.19,93.0,,,,,,,
239,454.03,93.0,,,,,,,
240,455.5,93.0,24.0,25.27,-72,,,,
241,457.34,93.0,,,,,,,
242,459.21,93.0,,,,,,,
243,461.24,93.0,,,,,,,
244,463.11,93.0,,,,,,,
245,464.7,93.0,25.0,25.22,-72,,,,
246,466.6,93.0,,,,,,,
247,468.44,93.0,,,,,,,
248,470.32,93.0,,,,,,,
249,472.15,93.0,,,,,,,
250,474.0,93.0,,,,,,,
251,475.84,93.0,,,,,,,
252,477.68,93.0,,,,,,,
253,479.53,93.0,,,,,,,
254,481.38,93.0,,,,,,,
255,483.21,93.0,,,,,,,
256,485.16,93.0,,,,,,,
257,487.1,93.0,,,,,,,
258,488.96,93.0,,,,,,,
259,490.7,93.0,26.0,25.37,-72,,,,
260,492.75,93.0,,,,,,,
261,494.59,93.0,,,,,,,
262,496.65,93.0,,,,,,,
263,498.67,93.0,,,,,,,
264,500.52,93.0,,,,,,,
265,502.56,93.0,,,,,,,
266,504.61,93.0,,,,,,,
267,506.45,93.0,,,,,,,
268,508.33,93.0,,,,,,,
269,510.19,93.0,,,,,,,
270,512.24,93.0,,,,,,,
271,514.35,93.0,,,,,,,
272,516.2,93.0,,,,,,,
273,518.24,93.0,,,,,,,
274,520.1,93.0,,,,,,,
275,522.13,93.0,,,,,,,
276,523.97,93.0,,,,,,,
277,525.84,93.0,,,,,,,
278,527.7,93.0,,,,,,,
279,529.74,93.0,,,,,,,
280,531.6,93.0,,,,,,,
281,533.46,93.0,,,,,,,
282,535.58,93.0,,,,,,,
283,537.43,93.0,,,,,,,
284,539.66,93.0,,,,,,,
285,541.5,93.0,,,,,,,
286,543.35,93.0,,,,,,,
287,545.32,93.0,26.0,25.5,-72,,,,
288,547.45,93.0,,,,,,,
289,549.39,93.0,,,,,,,
290,551.62,93.0,,,,,,,
291,553.33,93.0,24.0,25.2,-73,,,,
292,555.39,93.0,,,,,,,
293,557.23,93.0,,,,,,,
294,559.11,93.0,,,,,,,
295,561.14,93.0,,,,,,,
296,563.37,93.0,,,,,,,
297,565.23,93.0,,,,,,,
298,567.09,93.0,,,,,,,
299,568.95,93.0,25.0,25.16,-73,,,,
300,570.84,93.0,,,,,,,
301,572.68,93.0,,,,,,,
302,574.55,93.0,,,,,,,
303,576.17,93.0,25.0,25.13,-73,,,,
304,578.2,93.0,,,,,,,
305,580.05,93.0,,,,,,,
306,582.08,93.0,,,,,,,
307,583.93,93.0,,,,,,,
308,585.77,93.0,,,,,,,
309,587.63,93.0,,,,,,,
310,589.47,93.0,,,,,,,
311,591.7,93.0,,,,,,,
312,593.82,93.0,,,,,,,
313,595.77,93.0,,,,,,,
314,597.61,93.0,,,,,,,
315,599.45,93.0,,,,,,,
316,601.29,93.0,,,,,,,
317,603.16,93.0,,,,,,,
318,604.99,93.0,,,,,,,
319,607.02,93.0,,,,,,,
320,609.06,93.0,,,,,,,
321,611.29,93.0,,,,,,,
322,613.22,93.0,,,,,,,
323,615.07,93.0,,,,,,,
324,616.92,93.0,,,,,,,
325,618.76,93.0,,,,,,,
326,620.41,93.0,25.0,25.1,-73,,,,
327,622.25,93.0,,,,,,,
328,624.09,93.0,,,,,,,
329,625.84,93.0,26.0,25.28,-73,,,,
330,627.71,93.0,,,,,,,
331,629.56,93.0,,,,,,,
332,631.4,93.0,,,,,,,
333,633.53,93.0,,,,,,,
334,635.39,93.0,,,,,,,
335,637.19,93.0,26.0,25.43,-73,,,,
336,638.69,93.0,24.0,25.14,-72,,,,
337,640.56,93.0,,,,,,,
338,642.6,93.0,,,,,,,
339,644.46,93.0,,,,,,,
340,646.5,93.0,,,,,,,
341,648.36,93.0,,,,,,,
342,650.51,93.0,,,,,,,
343,652.63,93.0,,,,,,,
344,654.47,93.0,,,,,,,
345,656.08,93.0,25.0,25.11,-73,,,,
346,657.94,93.0,,,,,,,
347,659.8,93.0,,,,,,,
348,661.64,93.0,,,,,,,
349,663.14,93.0,24.0,24.89,-72,,,,
350,664.99,93.0,,,,,,,
351,666.83,93.0,,,,,,,
352,668.67,93.0,,,,,,,
353,670.53,93.0,,,,,,,
354,672.41,93.0,,,,,,,
355,674.27,93.0,,,,,,,
356,676.12,93.0,,,,,,,
357,678.14,93.0,,,,,,,
358,679.89,93.0,26.0,25.11,-72,,,,
359,681.69,93.0,26.0,25.29,-71,,,,
360,683.56,93.0,,,,,,,
361,685.42,93.0,,,,,,,
362,687.24,93.0,26.0,25.43,-72,,,,
363,689.26,93.0,,,,,,,
364,691.3,93.0,,,,,,,
365,693.15,93.0,,,,,,,
366,695.0,93.0,,,,,,,
367,696.65,93.0,25.0,25.35,-72,,,,
368,698.49,93.0,,,,,,,
369,700.33,93.0,,,,,,,
370,702.36,93.0,,,,,,,
371,704.21,93.0,,,,,,,
372,705.99,93.0,26.0,25.48,-73,,,,
373,707.83,93.0,,,,,,,
374,709.69,93.0,,,,,,,
375,711.53,93.0,,,,,,,
376,713.36,93.0,,,,,,,
377,715.4,93.0,,,,,,,
378,717.53,93.0,,,,,,,
379,719.65,93.0,,,,,,,
380,721.5,93.0,,,,,,,
381,723.34,93.0,,,,,,,
382,725.18,93.0,,,,,,,
383,727.03,93.0,,,,,,,
384,728.87,93.0,,,,,,,
385,730.72,93.0,,,,,,,
386,732.77,93.0,,,,,,,
387,734.61,93.0,,,,,,,
388,736.48,93.0,,,,,,,
389,738.33,93.0,,,,,,,
390,740.19,93.0,,,,,,,
391,742.03,93.0,,,,,,,
392,743.87,93.0,,,,,,,
393,745.72,93.0,,,,,,,
394,747.74,93.0,,,,,,,
395,749.63,93.0,,,,,,,
396,751.47,93.0,,,,,,,
397,753.32,93.0,,,,,,,
398,755.38,93.0,,,,,,,
399,757.22,93.0,,,,,,,
400,759.26,93.0,,,,,,,
401,761.29,93.0,,,,,,,
402,763.13,93.0,,,,,,,
403,765.18,93.0,,,,,,,
404,767.02,93.0,,,,,,,
405,768.86,93.0,,,,,,,
406,770.9,93.0,,,,,,,
407,772.85,93.0,,,,,,,
408,774.69,93.0,,,,,,,
409,776.46,93.0,26.0,25.58,-72,,,,
410,778.31,93.0,,,,,,,
411,780.16,93.0,,,,,,,
412,782.18,93.0,,,,,,,
413,784.03,93.0,,,,,,,
414,785.89,93.0,,,,,,,
415,787.67,93.0,26.0,25.66,-72,,,,
416,789.52,93.0,,,,,,,
417,791.65,93.0,,,,,,,
418,793.49,93.0,,,,,,,
419,795.33,93.0,,,,,,,
420,797.18,93.0,,,,,,,
421,799.04,93.0,,,,,,,
422,800.67,93.0,25.0,25.53,-72,,,,
423,802.49,93.0,26.0,25.63,-72,,,,
424,804.51,93.0,,,,,,,
425,806.56,93.0,,,,,,,
426,808.41,93.0,,,,,,,
427,810.73,93.0,,,,,,,
428,812.54,93.0,26.0,25.7,-73,,,,
429,814.38,93.0,,,,,,,
430,816.22,93.0,,,,,,,
431,818.07,93.0,,,,,,,
432,819.92,93.0,,,,,,,
433,821.86,93.0,26.0,25.76,-72,,,,
434,823.9,93.0,,,,,,,
435,825.84,93.0,,,,,,,
436,827.62,93.0,26.0,25.81,-72,,,,
437,829.47,93.0,,,,,,,
438,831.31,93.0,,,,,,,
439,833.17,93.0,,,,,,,
440,834.91,93.0,26.0,25.85,-73,,,,
441,836.79,93.0,,,,,,,
442,838.65,93.0,,,,,,,
443,840.5,93.0,,,,,,,
444,842.36,93.0,,,,,,,
445,844.2,93.0,,,,,,,
446,846.07,93.0,,,,,,,
447,847.92,93.0,,,,,,,
448,849.97,93.0,,,,,,,
449,851.82,93.0,,,,,,,
450,853.62,93.0,26.0,25.88,-73,,,,
451,855.5,93.0,,,,,,,
452,857.35,93.0,,,,,,,
453,859.39,93.0,,,,,,,
454,861.42,93.0,,,,,,,
455,863.28,93.0,,,,,,,
456,865.31,93.0,,,,,,,
457,867.16,93.0,,,,,,,
458,869.0,93.0,,,,,,,
459,870.85,93.0,,,,,,,
460,872.9,93.0,,,,,,,
461,874.74,93.0,,,,,,,
462,876.51,93.0,26.0,25.9,-72,,,,
463,878.38,93.0,,,,,,,
464,880.4,93.0,,,,,,,
465,882.27,93.0,,,,,,,
466,884.03,93.0,26.0,25.92,-73,,,,
467,885.91,93.0,,,,,,,
468,887.76,93.0,,,,,,,
469,889.62,93.0,,,,,,,
470,891.47,93.0,,,,,,,
471,893.31,93.0,,,,,,,
472,895.53,93.0,,,,,,,
473,897.39,93.0,,,,,,,
474,899.16,93.0,26.0,25.94,-71,,,,
475,901.31,93.0,,,,,,,
476,903.16,93.0,,,,,,,
477,905.0,93.0,,,,,,,
478,906.76,93.0,26.0,25.95,-72,,,,
479,908.72,93.0,,,,,,,
480,910.67,93.0,,,,,,,
481,912.64,93.0,26.0,25.96,-72,,,,
482,914.49,93.0,,,,,,,
483,916.23,93.0,26.0,25.97,-71,,,,
484,918.11,93.0,,,,,,,
485,919.95,93.0,,,,,,,
486,921.8,93.0,,,,,,,
487,923.65,93.0,,,,,,,
488,925.49,93.0,,,,,,,
489,927.33,93.0,,,,,,,
490,929.18,93.0,,,,,,,
491,931.02,93.0,,,,,,,
492,932.82,93.0,26.0,25.97,-72,,,,
493,934.66,93.0,,,,,,,
494,936.52,93.0,,,,,,,
495,938.37,93.0,,,,,,,
496,940.41,93.0,,,,,,,
497,942.19,93.0,26.0,25.98,-72,,,,
498,943.99,93.0,26.0,25.98,-72,,,,
499,946.06,93.0,,,,,,,
500,947.99,93.0,26.0,25.99,-71,,,,
501,949.87,93.0,,,,,,,
502,951.73,93.0,,,,,,,
503,953.59,93.0,,,,,,,
504,955.62,93.0,,,,,,,
505,957.4,93.0,26.0,25.99,-71,,,,
506,959.2,93.0,26.0,25.99,-72,,,,
507,961.05,93.0,,,,,,,
508,962.82,93.0,26.0,25.99,-71,,,,
509,964.69,93.0,,,,,,,
510,966.55,93.0,,,,,,,
511,968.68,93.0,,,,,,,
512,970.52,93.0,,,,,,,
513,972.36,93.0,,,,,,,
514,974.21,93.0,,,,,,,
515,976.34,93.0,,,,,,,
516,978.18,93.0,,,,,,,
517,979.82,93.0,25.0,25.79,-72,,,,
518,981.59,93.0,26.0,25.84,-72,,,,
519,983.25,93.0,25.0,25.67,-71,,,,
520,985.0,93.0,26.0,25.73,-73,,,,
521,987.05,93.0,,,,,,,
522,988.92,93.0,,,,,,,
523,990.21,93.0,23.0,25.19,-71,,,,
524,992.24,93.0,26.0,25.35,-72,,,,
525,994.08,93.0,,,,,,,
526,995.94,93.0,,,,,,,
527,998.06,93.0,,,,,,,
528,999.79,93.0,26.0,25.48,-72,,,,
529,1001.69,93.0,,,,,,,
530,1003.53,93.0,,,,,,,
531,1005.39,93.0,,,,,,,
532,1007.2,93.0,25.0,25.38,-72,,,,
533,1008.95,93.0,26.0,25.51,-70,,,,
534,1010.84,93.0,,,,,,,
535,1012.68,93.0,,,,,,,
536,1014.45,93.0,26.0,25.61,-72,,,,
537,1016.23,93.0,26.0,25.68,-72,,,,
538,1018.36,93.0,,,,,,,
539,1020.19,93.0,,,,,,,
540,1022.04,93.0,,,,,,,
541,1023.9,93.0,,,,,,,
542,1025.77,93.0,,,,,,,
543,1027.62,93.0,,,,,,,
544,1029.59,93.0,26.0,25.75,-72,,,,
545,1031.53,93.0,,,,,,,
546,1033.47,93.0,,,,,,,
547,1035.31,93.0,,,,,,,
548,1037.48,93.0,26.0,25.8,-71,,,,
549,1039.35,93.0,,,,,,,
550,1041.24,93.0,,,,,,,
551,1043.09,93.0,,,,,,,
552,1044.56,93.0,24.0,25.44,-72,,,,
553,1046.61,93.0,,,,,,,
554,1048.35,93.0,26.0,25.55,-72,,,,
555,1050.13,93.0,26.0,25.64,-71,,,,
556,1052.02,93.0,,,,,,,
557,1053.82,93.0,26.0,25.71,-73,,,,
558,1055.67,93.0,,,,,,,
559,1057.55,93.0,,,,,,,
560,1059.41,93.0,,,,,,,
561,1061.25,93.0,,,,,,,
562,1063.29,93.0,,,,,,,
563,1064.94,93.0,25.0,25.57,-71,,,,
564,1066.79,93.0,,,,,,,
565,1068.64,93.0,,,,,,,
566,1070.49,93.0,,,,,,,
567,1072.28,93.0,26.0,25.66,-73,,,,
568,1074.15,93.0,,,,,,,
569,1076.0,93.0,,,,,,,
570,1077.84,93.0,,,,,,,
571,1079.69,93.0,,,,,,,
572,1081.55,93.0,,,,,,,
573,1083.57,93.0,26.0,25.72,-72,,,,
574,1085.62,93.0,,,,,,,
575,1087.48,93.0,,,,,,,
576,1089.51,93.0,,,,,,,
577,1091.37,93.0,,,,,,,
578,1092.84,93.0,24.0,25.38,-73,,,,
579,1094.87,93.0,,,,,,,
580,1096.9,93.0,,,,,,,
581,1099.03,93.0,,,,,,,
582,1100.92,93.0,26.0,25.5,-72,,,,
583,1102.75,93.0,26.0,25.6,-72,,,,
584,1104.78,93.0,,,,,,,
585,1106.73,93.0,26.0,25.68,-71,,,,
586,1108.62,93.0,,,,,,,
587,1110.66,93.0,,,,,,,
588,1112.5,93.0,,,,,,,
589,1114.53,93.0,,,,,,,
590,1116.47,93.0,26.0,25.75,-72,,,,
591,1118.36,93.0,,,,,,,
592,1120.41,93.0,,,,,,,
593,1122.44,93.0,,,,,,,
594,1124.29,93.0,,,,,,,
595,1126.41,93.0,,,,,,,
596,1128.25,93.0,,,,,,,
597,1130.09,93.0,,,,,,,
598,1132.41,93.0,,,,,,,
599,1134.25,93.0,,,,,,,
600,1135.86,93.0,25.0,25.6,-72,,,,
601,1137.83,93.0,26.0,25.68,-70,,,,
602,1139.85,93.0,,,,,,,
603,1141.72,93.0,,,,,,,
604,1143.57,93.0,,,,,,,
605,1145.61,93.0,,,,,,,
606,1147.4,93.0,26.0,25.74,-71,,,,
607,1149.27,93.0,,,,,,,
608,1151.13,93.0,,,,,,,
609,1152.91,93.0,26.0,25.79,-73,,,,
610,1154.66,93.0,26.0,25.83,-71,,,,
611,1156.55,93.0,,,,,,,
612,1158.59,93.0,,,,,,,
613,1160.43,93.0,,,,,,,
614,1162.07,93.0,25.0,25.67,-72,,,,
615,1164.11,93.0,,,,,,,
616,1165.97,93.0,,,,,,,
617,1167.81,93.0,,,,,,,
618,1169.65,93.0,,,,,,,
619,1171.51,93.0,,,,,,,
620,1173.35,93.0,,,,,,,
621,1175.2,93.0,,,,,,,
622,1177.06,93.0,,,,,,,
623,1179.09,93.0,,,,,,,
624,1180.93,93.0,,,,,,,
625,1182.7,93.0,26.0,25.73,-71,,,,
626,1184.75,93.0,,,,,,,
627,1186.78,93.0,,,,,,,
628,1188.64,93.0,,,,,,,
629,1190.49,93.0,,,,,,,
630,1192.52,93.0,,,,,,,
631,1194.37,93.0,,,,,,,
632,1196.21,93.0,,,,,,,
633,1198.05,93.0,,,,,,,
634,1199.9,93.0,,,,,,,
635,1201.93,93.0,,,,,,,
636,1203.77,93.0,,,,,,,
637,1205.62,93.0,,,,,,,
638,1207.65,93.0,,,,,,,
639,1209.5,93.0,,,,,,,
640,1211.53,93.0,,,,,,,
641,1212.87,93.0,23.0,25.19,-71,,,,
642,1214.71,93.0,,,,,,,
643,1216.57,93.0,,,,,,,
644,1218.41,93.0,,,,,,,
645,1220.25,93.0,,,,,,,
646,1222.11,93.0,,,,,,,
647,1223.95,93.0,,,,,,,
648,1225.79,93.0,,,,,,,
649,1227.92,93.0,,,,,,,
650,1229.22,93.0,23.0,24.75,-72,,,,
651,1231.08,93.0,,,,,,,
652,1232.92,93.0,,,,,,,
653,1234.7,93.0,26.0,25.0,-72,,,,
654,1236.74,93.0,,,,,,,
655,1238.61,93.0,,,,,,,
656,1240.73,93.0,,,,,,,
657,1242.58,93.0,,,,,,,
658,1244.63,93.0,,,,,,,
659,1246.48,93.0,,,,,,,
660,1248.33,93.0,,,,,,,
661,1249.79,93.0,24.0,24.8,-72,,,,
662,1251.82,93.0,,,,,,,
663,1253.85,93.0,,,,,,,
664,1255.7,93.0,,,,,,,
665,1257.73,93.0,,,,,,,
666,1259.6,93.0,,,,,,,
667,1261.44,93.0,,,,,,,
668,1263.22,93.0,26.0,25.04,-71,,,,
669,1265.07,93.0,,,,,,,
670,1267.11,93.0,,,,,,,
671,1268.95,93.0,,,,,,,
672,1270.99,93.0,,,,,,,
673,1272.84,93.0,,,,,,,
674,1274.78,93.0,,,,,,,
675,1276.68,93.0,26.0,25.23,-71,,,,
676,1278.53,93.0,,,,,,,
677,1280.16,93.0,24.0,24.99,-72,,,,
678,1282.01,93.0,,,,,,,
679,1283.78,93.0,26.0,25.19,-71,,,,
680,1285.67,93.0,,,,,,,
681,1287.7,93.0,,,,,,,
682,1289.47,93.0,26.0,25.35,-72,,,,
683,1291.32,93.0,,,,,,,
684,1293.09,93.0,26.0,25.48,-72,,,,
685,1294.95,93.0,,,,,,,
686,1296.6,93.0,24.0,25.18,-73,,,,
687,1298.46,93.0,,,,,,,
688,1300.06,93.0,25.0,25.15,-72,,,,
689,1301.92,93.0,,,,,,,
690,1303.76,93.0,,,,,,,
691,1305.6,93.0,,,,,,,
692,1307.46,93.0,,,,,,,
693,1309.58,93.0,,,,,,,
694,1311.32,93.0,26.0,25.32,-72,,,,
695,1313.22,93.0,,,,,,,
696,1315.06,93.0,,,,,,,
697,1317.11,93.0,,,,,,,
698,1318.96,93.0,,,,,,,
699,1321.0,93.0,,,,,,,
700,1322.84,93.0,,,,,,,
701,1324.63,93.0,25.0,25.25,-72,,,,
702,1326.49,93.0,,,,,,,
703,1328.36,93.0,,,,,,,
704,1330.13,93.0,26.0,25.4,-70,,,,
705,1331.98,93.0,,,,,,,
706,1333.82,93.0,,,,,,,
707,1335.56,93.0,26.0,25.52,-71,,,,
708,1337.44,93.0,,,,,,,
709,1339.2,93.0,26.0,25.62,-72,,,,
710,1341.08,93.0,,,,,,,
711,1342.92,93.0,,,,,,,
712,1344.77,93.0,,,,,,,
713,1346.05,93.0,23.0,25.09,-72,,,,
714,1348.08,93.0,26.0,25.28,-71,,,,
715,1349.97,93.0,,,,,,,
716,1351.74,93.0,26.0,25.42,-70,,,,
717,1353.49,93.0,26.0,25.54,-72,,,,
718,1355.37,93.0,,,,,,,
719,1357.22,93.0,,,,,,,
720,1359.07,93.0,,,,,,,
721,1361.1,93.0,,,,,,,
722,1362.94,93.0,,,,,,,
723,1364.79,93.0,,,,,,,
724,1366.64,93.0,,,,,,,
725,1368.51,93.0,,,,,,,
726,1370.35,93.0,,,,,,,
727,1372.13,93.0,26.0,25.63,-72,,,,
728,1373.43,93.0,23.0,25.1,-72,,,,
729,1375.29,93.0,,,,,,,
730,1377.13,93.0,,,,,,,
731,1378.97,93.0,,,,,,,
732,1380.72,93.0,26.0,25.28,-72,,,,
733,1382.59,93.0,,,,,,,
734,1384.63,93.0,,,,,,,
735,1386.47,93.0,,,,,,,
736,1388.32,93.0,,,,,,,
737,1390.17,93.0,,,,,,,
738,1392.22,93.0,,,,,,,
739,1394.25,93.0,,,,,,,
740,1396.09,93.0,,,,,,,
741,1397.94,93.0,,,,,,,
742,1399.97,93.0,,,,,,,
743,1401.92,93.0,26.0,25.43,-71,,,,
744,1403.98,93.0,,,,,,,
745,1405.77,93.0,26.0,25.54,-72,,,,
746,1407.75,93.0,26.0,25.63,-73,,,,
747,1409.57,93.0,25.0,25.51,-72,,,,
748,1411.41,93.0,,,,,,,
749,1413.26,93.0,,,,,,,
750,1415.02,93.0,26.0,25.6,-72,,,,
751,1416.81,93.0,26.0,25.68,-72,,,,
752,1418.66,93.0,,,,,,,
753,1420.69,93.0,,,,,,,
754,1422.52,93.0,,,,,,,
755,1424.56,93.0,,,,,,,
756,1426.35,93.0,26.0,25.75,-71,,,,
757,1428.21,93.0,,,,,,,
758,1430.06,93.0,,,,,,,
759,1431.81,93.0,26.0,25.8,-72,,,,
760,1433.69,93.0,,,,,,,
761,1435.53,93.0,,,,,,,
762,1437.27,93.0,26.0,25.84,-72,,,,
763,1439.31,93.0,,,,,,,
764,1441.08,93.0,26.0,25.87,-72,,,,
765,1442.95,93.0,,,,,,,
766,1444.55,93.0,25.0,25.7,-72,,,,
767,1446.42,93.0,,,,,,,
768,1448.16,93.0,26.0,25.76,-72,,,,
769,1450.31,93.0,,,,,,,
770,1452.13,93.0,26.0,25.81,-72,,,,
771,1453.97,93.0,,,,,,,
772,1455.82,93.0,,,,,,,
773,1458.13,93.0,,,,,,,
774,1459.88,93.0,26.0,25.84,-72,,,,
775,1461.37,93.0,24.0,25.48,-71,,,,
776,1463.32,93.0,,,,,,,
777,1464.88,93.0,24.0,25.18,-71,,,,
778,1466.78,93.0,,,,,,,
779,1468.4,93.0,25.0,25.14,-72,,,,
780,1470.25,93.0,,,,,,,
781,1472.19,93.0,,,,,,,
782,1474.15,93.0,26.0,25.32,-71,,,,
783,1476.01,93.0,,,,,,,
784,1477.77,93.0,26.0,25.45,-72,,,,
785,1479.68,93.0,,,,,,,
786,1481.52,93.0,,,,,,,
787,1483.39,93.0,,,,,,,
788,1485.51,93.0,,,,,,,
789,1487.49,93.0,26.0,25.56,-71,,,,
790,1489.43,93.0,,,,,,,
791,1491.34,93.0,26.0,25.65,-72,,,,
792,1492.66,93.0,23.0,25.12,-72,,,,
793,1494.44,93.0,26.0,25.3,-73,,,,
794,1496.32,93.0,,,,,,,
795,1498.17,93.0,,,,,,,
796,1500.03,93.0,,,,,,,
797,1501.78,93.0,26.0,25.44,-73,,,,
798,1503.66,93.0,,,,,,,
799,1505.69,93.0,,,,,,,
800,1507.54,93.0,,,,,,,
801,1509.38,93.0,,,,,,,
802,1511.18,93.0,26.0,25.55,-70,,,,
803,1513.03,93.0,,,,,,,
804,1515.26,93.0,,,,,,,
805,1517.1,93.0,,,,,,,
806,1518.85,93.0,26.0,25.64,-72,,,,
807,1520.62,93.0,26.0,25.71,-71,,,,
808,1522.47,93.0,,,,,,,
809,1524.26,93.0,26.0,25.77,-72,,,,
810,1526.12,93.0,,,,,,,
811,1527.96,93.0,,,,,,,
812,1529.61,93.0,25.0,25.62,-72,,,,
813,1531.45,93.0,,,,,,,
814,1533.09,93.0,25.0,25.49,-72,,,,
815,1534.91,93.0,25.0,25.39,-70,,,,
816,1536.69,93.0,26.0,25.52,-72,,,,
817,1538.68,93.0,26.0,25.61,-71,,,,
818,1540.7,93.0,,,,,,,
819,1542.57,93.0,,,,,,,
820,1544.42,93.0,,,,,,,
821,1546.64,93.0,,,,,,,
822,1548.27,93.0,25.0,25.49,-71,,,,
823,1550.13,93.0,,,,,,,
824,1552.18,93.0,,,,,,,
825,1554.03,93.0,,,,,,,
826,1555.64,93.0,25.0,25.39,-72,,,,
827,1557.53,93.0,,,,,,,
828,1559.37,93.0,,,,,,,
829,1561.22,93.0,,,,,,,
830,1563.09,93.0,,,,,,,
831,1564.94,93.0,,,,,,,
832,1566.8,93.0,,,,,,,
833,1568.65,93.0,,,,,,,
834,1570.5,93.0,,,,,,,
835,1572.38,93.0,,,,,,,
836,1574.33,93.0,26.0,25.51,-72,,,,
837,1576.2,93.0,,,,,,,
838,1578.05,93.0,,,,,,,
839,1579.89,93.0,,,,,,,
840,1581.72,93.0,,,,,,,
841,1583.58,93.0,,,,,,,
842,1585.43,93.0,,,,,,,
843,1587.47,93.0,,,,,,,
844,1589.5,93.0,,,,,,,
845,1591.35,93.0,,,,,,,
846,1593.19,93.0,,,,,,,
847,1595.03,93.0,,,,,,,
848,1596.88,93.0,,,,,,,
849,1598.65,93.0,26.0,25.61,-71,,,,
850,1600.69,93.0,,,,,,,
851,1602.53,93.0,,,,,,,
852,1604.38,93.0,,,,,,,
853,1606.42,93.0,,,,,,,
854,1608.27,93.0,,,,,,,
855,1610.11,93.0,,,,,,,
856,1611.94,93.0,,,,,,,
857,1613.81,93.0,,,,,,,
858,1615.66,93.0,,,,,,,
859,1617.5,93.0,,,,,,,
860,1619.38,93.0,,,,,,,
861,1621.39,93.0,26.0,25.69,-71,,,,
862,1623.46,93.0,,,,,,,
863,1625.08,93.0,25.0,25.55,-73,,,,
864,1626.87,93.0,26.0,25.64,-72,,,,
865,1628.61,93.0,26.0,25.71,-73,,,,
866,1630.42,93.0,26.0,25.77,-73,,,,
867,1632.21,93.0,26.0,25.82,-72,,,,
868,1633.98,93.0,26.0,25.85,-73,,,,
869,1635.84,93.0,,,,,,,
870,1637.69,93.0,,,,,,,
871,1639.53,93.0,,,,,,,
872,1641.38,93.0,,,,,,,
873,1643.42,93.0,,,,,,,
874,1645.47,93.0,,,,,,,
875,1647.2,93.0,26.0,25.88,-71,,,,
876,1649.08,93.0,,,,,,,
877,1651.11,93.0,,,,,,,
878,1652.98,93.0,,,,,,,
879,1654.81,93.0,,,,,,,
880,1656.65,93.0,,,,,,,
881,1658.5,93.0,,,,,,,
882,1660.24,93.0,26.0,25.91,-72,,,,
883,1662.12,93.0,25.0,25.72,-72,,,,
884,1664.15,93.0,,,,,,,
885,1666.0,93.0,,,,,,,
886,1667.76,93.0,26.0,25.78,-73,,,,
887,1669.81,93.0,,,,,,,
888,1671.4,93.0,25.0,25.62,-73,,,,
889,1673.28,93.0,,,,,,,
890,1674.87,93.0,25.0,25.5,-72,,,,
891,1676.77,93.0,,,,,,,
892,1678.62,93.0,,,,,,,
893,1680.37,93.0,26.0,25.6,-72,,,,
894,1682.15,93.0,26.0,25.68,-73,,,,
895,1684.0,93.0,,,,,,,
896,1685.79,93.0,26.0,25.74,-69,,,,
897,1687.65,93.0,,,,,,,
898,1689.51,93.0,,,,,,,
899,1691.35,93.0,,,,,,,
900,1693.21,93.0,,,,,,,
901,1694.98,93.0,26.0,25.79,-72,,,,
902,1696.85,93.0,,,,,,,
903,1698.71,93.0,,,,,,,
904,1700.57,93.0,,,,,,,
905,1702.33,93.0,26.0,25.84,-70,,,,
906,1704.18,93.0,,,,,,,
907,1705.79,93.0,25.0,25.67,-71,,,,
908,1707.73,93.0,26.0,25.73,-72,,,,
909,1709.77,93.0,,,,,,,
910,1711.62,93.0,,,,,,,
911,1713.47,93.0,,,,,,,
912,1715.31,93.0,,,,,,,
913,1717.18,93.0,,,,,,,
914,1719.04,93.0,,,,,,,
915,1720.89,93.0,,,,,,,
916,1722.73,93.0,,,,,,,
917,1724.58,93.0,,,,,,,
918,1726.45,93.0,,,,,,,
919,1728.27,93.0,26.0,25.79,-72,,,,
920,1730.13,93.0,,,,,,,
921,1732.01,93.0,,,,,,,
922,1733.85,93.0,,,,,,,
923,1735.78,93.0,,,,,,,
924,1737.73,93.0,,,,,,,
925,1739.76,93.0,,,,,,,
926,1741.6,93.0,,,,,,,
927,1743.44,93.0,,,,,,,
928,1745.31,93.0,,,,,,,
929,1747.09,93.0,26.0,25.83,-72,,,,
930,1748.7,93.0,25.0,25.66,-73,,,,
931,1750.56,93.0,,,,,,,
932,1752.4,93.0,,,,,,,
933,1754.25,93.0,,,,,,,
934,1756.1,93.0,,,,,,,
935,1757.94,93.0,,,,,,,
936,1759.98,93.0,,,,,,,
937,1761.73,93.0,26.0,25.73,-73,,,,
938,1763.54,93.0,26.0,25.79,-71,,,,
939,1765.58,93.0,,,,,,,
940,1767.42,93.0,,,,,,,
941,1769.36,93.0,,,,,,,
942,1771.32,93.0,,,,,,,
943,1773.09,93.0,26.0,25.83,-71,,,,
944,1774.94,93.0,,,,,,,
945,1776.69,93.0,26.0,25.86,-72,,,,
946,1778.65,93.0,,,,,,,
947,1780.78,93.0,,,,,,,
948,1782.66,93.0,,,,,,,
949,1784.5,93.0,,,,,,,
950,1786.56,93.0,,,,,,,
951,1788.41,93.0,,,,,,,
952,1790.45,93.0,,,,,,,
953,1792.29,93.0,,,,,,,
954,1794.14,93.0,,,,,,,
955,1795.99,93.0,,,,,,,
956,1797.83,93.0,,,,,,,
957,1799.59,93.0,26.0,25.89,-71,,,,
958,1801.46,93.0,,,,,,,
959,1803.3,93.0,,,,,,,
960,1805.16,93.0,,,,,,,
961,1807.02,93.0,,,,,,,
962,1809.04,93.0,,,,,,,
963,1810.89,93.0,,,,,,,
964,1812.92,93.0,,,,,,,
965,1814.77,93.0,,,,,,,
966,1816.62,93.0,,,,,,,
967,1818.47,93.0,,,,,,,
968,1820.32,93.0,,,,,,,
969,1822.16,93.0,,,,,,,
970,1824.21,93.0,,,,,,,
971,1825.68,93.0,24.0,25.51,-72,,,,
972,1827.28,93.0,25.0,25.41,-71,,,,
973,1829.13,93.0,,,,,,,
974,1830.98,93.0,,,,,,,
975,1832.92,93.0,26.0,25.53,-72,,,,
976,1834.78,93.0,,,,,,,
977,1836.64,93.0,,,,,,,
978,1838.48,93.0,,,,,,,
979,1840.34,93.0,,,,,,,
980,1842.18,93.0,,,,,,,
981,1844.02,93.0,,,,,,,
982,1845.48,93.0,24.0,25.22,-71,,,,
983,1847.13,93.0,24.0,24.98,-71,,,,
984,1848.98,93.0,,,,,,,
985,1850.82,93.0,,,,,,,
986,1852.6,93.0,26.0,25.18,-71,,,,
987,1854.74,93.0,,,,,,,
988,1856.77,93.0,,,,,,,
989,1858.62,93.0,,,,,,,
990,1860.37,93.0,26.0,25.35,-70,,,,
991,1862.24,93.0,,,,,,,
992,1864.08,93.0,,,,,,,
993,1865.92,93.0,,,,,,,
994,1867.77,93.0,,,,,,,
995,1869.61,93.0,,,,,,,
996,1871.45,93.0,,,,,,,
997,1873.3,93.0,,,,,,,
998,1875.14,93.0,,,,,,,
999,1876.98,93.0,,,,,,,
1000,1879.01,93.0,,,,,,,
