second,elapsed_seconds,Copo Direita,Copo Esquerda
1,4.13,,-2.0
2,8.27,,-1.4
3,12.4,,-0.92
4,16.52,,-0.14
5,20.66,,-0.11
6,24.78,,-0.49
7,28.91,,-0.39
8,33.04,,-0.31
9,37.17,,-1.45
10,41.3,,-1.16
11,45.43,,-0.93
12,49.56,,-0.74
13,53.69,,-0.19
14,57.82,,-0.55
15,61.94,,-0.44
16,66.08,,-0.36
17,70.2,,-0.28
18,74.33,,-0.23
19,78.46,,-0.18
20,82.59,,-0.15
21,86.72,,-0.12
22,90.85,,-0.09
23,94.99,,-0.07
24,99.12,,-0.06
25,103.24,,-0.05
26,107.37,,-0.04
27,111.5,,-0.03
28,115.63,,-0.22
29,119.76,,-0.38
30,123.89,,-0.3
31,128.01,,-0.24
32,132.14,,-0.19
33,136.27,,-0.16
34,140.4,,-0.32
35,144.53,,-0.26
36,148.66,,-0.21
37,152.79,,-0.17
38,156.92,,-0.53
39,161.05,,-0.43
40,165.17,,-0.34
41,169.3,,-0.27
42,173.43,,-0.22
43,177.56,,-0.17
44,181.69,,-0.14
45,185.82,,-0.11
46,189.94,,-0.09
47,194.07,,-0.47
48,198.2,,-0.38
49,202.33,,-0.3
50,206.46,,-0.04
51,210.59,7.05,-0.03
52,214.72,3.04,0.13
53,218.85,3.03,
54,222.97,2.23,
55,227.1,1.78,
56,231.23,1.82,
57,235.36,1.46,
58,239.49,0.37,
59,243.61,0.69,
60,247.74,0.56,
61,251.87,0.64,
62,256.0,1.52,
63,260.13,1.21,
64,264.27,0.57,
65,268.39,0.46,
66,272.52,0.16,
67,276.65,-0.47,
68,280.78,0.63,
69,284.91,1.1,
70,289.04,0.68,
71,293.17,-0.06,
72,297.3,-0.04,
73,301.43,0.16,
74,305.56,-0.47,
75,309.68,1.63,
76,313.81,1.7,
77,317.94,1.36,
78,322.07,1.49,
79,326.2,0.99,
80,330.33,0.19,
81,334.47,0.55,
82,338.59,0.44,
83,342.72,0.35,
84,346.85,0.08,
85,350.98,-0.33,
86,355.12,-0.07,
87,359.24,-0.45,
88,363.37,-0.36,
89,367.5,0.31,
90,371.63,-1.95,
91,375.76,-1.76,
92,379.89,-1.21,
93,384.02,-1.57,
94,388.15,-1.65,
95,392.28,-1.52,
96,396.4,-1.82,
97,400.54,-1.25,
98,404.67,-1.2,
99,408.79,-0.96,
100,412.92,-1.37,
101,417.05,-0.9,
102,421.18,-0.52,
103,425.31,-0.21,
104,429.44,-0.17,
105,433.57,0.06,
106,437.7,0.05,
107,441.83,-0.16,
108,445.96,-0.13,
