second,elapsed_seconds,sensing_raw_mrt,sensing_filt_mrt,sensing_rssi,ref_raw_mrt,ref_filt_mrt,ref_rssi,dmrt
1,2.91,22.0,22.0,184,15.0,15.0,197,7.0
2,5.82,21.0,21.8,183,15.0,15.0,197,6.8
3,8.73,24.0,22.24,183,15.0,15.0,197,7.24
4,11.64,23.0,22.39,184,16.0,15.2,196,7.19
5,14.55,24.0,22.71,184,15.0,15.16,196,7.55
6,17.46,22.0,22.57,184,15.0,15.13,196,7.44
7,20.37,25.0,23.06,184,15.0,15.1,196,7.95
8,23.28,21.0,22.65,183,15.0,15.08,197,7.56
9,26.2,22.0,22.52,183,15.0,15.07,197,7.45
10,29.11,25.0,23.01,184,15.0,15.05,196,7.96
11,32.01,22.0,22.81,184,16.0,15.24,196,7.57
12,34.92,25.0,23.25,185,16.0,15.39,196,7.85
13,37.83,26.0,23.8,184,16.0,15.51,196,8.28
14,40.74,25.0,24.04,185,15.0,15.41,197,8.63
15,43.65,24.0,24.03,184,15.0,15.33,196,8.7
16,46.56,25.0,24.22,184,15.0,15.26,197,8.96
17,49.47,25.0,24.22,184,15.0,15.21,197,9.01
18,52.38,24.0,24.18,184,15.0,15.17,196,9.01
19,55.29,24.0,24.14,184,15.0,15.13,197,9.01
20,58.2,23.0,23.92,183,15.0,15.11,197,8.81
21,61.11,22.0,23.53,184,15.0,15.09,197,8.45
22,64.02,26.0,24.03,184,15.0,15.07,197,8.96
23,66.92,23.0,23.82,184,15.0,15.06,197,8.77
24,69.83,22.0,23.46,183,15.0,15.04,197,8.41
25,72.74,26.0,23.97,184,15.0,15.04,197,8.93
26,75.64,22.0,23.57,183,15.0,15.03,196,8.54
27,78.55,22.0,23.57,183,16.0,15.22,197,8.35
28,81.46,21.0,23.06,183,16.0,15.38,196,7.68
29,84.37,21.0,22.65,184,16.0,15.5,197,7.14
30,87.27,23.0,22.72,183,16.0,15.6,197,7.11
31,90.18,24.0,22.97,184,15.0,15.48,196,7.49
32,93.09,22.0,22.78,184,15.0,15.39,197,7.39
33,96.0,22.0,22.62,183,15.0,15.31,196,7.31
34,98.9,26.0,23.3,184,15.0,15.25,196,8.05
35,101.81,25.0,23.64,184,15.0,15.2,196,8.44
36,104.72,24.0,23.71,184,15.0,15.16,196,8.55
37,107.63,23.0,23.57,184,16.0,15.33,197,8.24
38,110.54,21.0,23.06,183,15.0,15.26,196,7.79
39,113.45,21.0,23.06,183,15.0,15.21,197,7.85
40,116.36,22.0,22.84,184,15.0,15.17,196,7.68
41,119.27,23.0,22.88,183,15.0,15.13,196,7.74
42,122.18,25.0,23.3,185,15.0,15.11,196,8.19
43,125.1,23.0,23.24,184,15.0,15.09,196,8.15
44,128.0,24.0,23.39,184,15.0,15.07,196,8.32
45,130.91,25.0,23.71,184,16.0,15.25,196,8.46
46,133.82,25.0,23.97,184,15.0,15.2,197,8.77
47,136.73,25.0,24.18,184,15.0,15.16,196,9.01
48,139.65,25.0,24.34,184,15.0,15.13,196,9.21
49,142.56,25.0,24.34,184,15.0,15.1,196,9.24
50,145.47,25.0,24.47,184,15.0,15.08,197,9.39
51,148.38,23.0,24.18,183,15.0,15.07,196,9.11
52,151.28,22.0,23.74,184,15.0,15.05,196,8.69
53,154.19,23.0,23.59,184,15.0,15.04,197,8.55
54,157.1,21.0,23.08,184,15.0,15.03,197,8.04
55,160.01,24.0,23.26,184,15.0,15.03,197,8.23
56,162.93,25.0,23.61,184,16.0,15.22,197,8.39
57,165.84,22.0,23.29,183,16.0,15.38,196,7.91
58,168.75,22.0,23.03,183,16.0,15.5,196,7.53
59,171.66,24.0,23.22,184,15.0,15.4,196,7.82
60,174.57,23.0,23.18,184,15.0,15.32,196,7.86
61,177.48,23.0,23.14,184,15.0,15.26,196,7.89
62,180.4,23.0,23.14,184,15.0,15.21,197,7.94
63,183.31,24.0,23.31,184,15.0,15.16,196,8.15
64,186.22,22.0,23.05,183,15.0,15.13,196,7.92
65,189.13,22.0,22.84,184,15.0,15.11,197,7.74
66,192.03,22.0,22.84,184,15.0,15.08,196,7.76
67,194.95,22.0,22.67,184,16.0,15.27,197,7.41
68,197.86,22.0,22.67,184,16.0,15.41,196,7.26
69,200.77,26.0,23.34,184,16.0,15.53,196,7.81
70,203.68,25.0,23.67,184,16.0,15.62,197,8.05
71,206.58,22.0,23.34,183,16.0,15.7,196,7.64
72,209.49,24.0,23.47,184,16.0,15.76,197,7.71
73,212.4,24.0,23.58,184,15.0,15.61,197,7.97
74,215.31,24.0,23.58,184,15.0,15.49,196,8.09
75,218.22,24.0,23.58,184,15.0,15.39,196,8.19
76,221.13,25.0,23.86,183,15.0,15.31,196,8.55
77,224.04,23.0,23.69,184,15.0,15.25,197,8.44
78,226.96,24.0,23.75,184,15.0,15.2,197,8.55
79,229.87,23.0,23.6,184,15.0,15.16,196,8.44
80,232.78,22.0,23.28,183,15.0,15.13,197,8.15
81,235.69,25.0,23.62,185,15.0,15.1,196,8.52
82,238.61,24.0,23.7,184,16.0,15.28,196,8.42
83,241.52,24.0,23.76,184,16.0,15.43,196,8.33
84,244.43,23.0,23.61,183,15.0,15.34,196,8.27
85,247.34,23.0,23.49,183,15.0,15.27,196,8.21
86,250.25,24.0,23.59,183,15.0,15.22,196,8.37
87,253.16,24.0,23.59,183,15.0,15.17,196,8.41
88,256.07,24.0,23.59,183,15.0,15.14,197,8.45
89,258.98,24.0,23.59,183,15.0,15.11,197,8.48
90,261.89,22.0,23.27,184,15.0,15.09,197,8.18
91,264.79,21.0,22.82,183,15.0,15.07,196,7.75
92,267.7,26.0,23.45,185,15.0,15.06,196,8.4
93,270.61,25.0,23.76,184,16.0,15.25,196,8.52
94,273.52,22.0,23.41,183,16.0,15.4,197,8.01
95,276.43,26.0,23.93,184,16.0,15.52,197,8.41
96,279.34,21.0,23.34,183,16.0,15.61,196,7.73
97,282.25,21.0,22.87,184,16.0,15.69,196,7.18
98,285.16,26.0,23.5,184,15.0,15.55,197,7.95
99,288.07,23.0,23.4,183,15.0,15.44,197,7.96
100,290.98,24.0,23.52,184,15.0,15.35,197,8.17
101,293.88,23.0,23.42,183,16.0,15.48,196,7.93
102,296.79,23.0,23.33,184,15.0,15.39,197,7.95
103,299.7,22.0,23.07,184,15.0,15.31,196,7.76
104,302.61,22.0,22.85,184,15.0,15.25,196,7.61
105,305.52,25.0,23.28,184,15.0,15.2,197,8.08
106,308.42,26.0,23.83,183,16.0,15.36,196,8.47
107,311.33,21.0,23.26,183,16.0,15.49,196,7.77
108,314.24,23.0,23.21,185,16.0,15.59,197,7.62
109,317.15,24.0,23.37,185,15.0,15.47,197,7.9
110,320.06,24.0,23.49,184,15.0,15.38,196,8.12
111,322.97,25.0,23.79,183,15.0,15.3,197,8.49
112,325.87,23.0,23.64,183,15.0,15.24,197,8.39
113,328.79,24.0,23.71,183,16.0,15.39,197,8.32
114,331.7,24.0,23.71,183,16.0,15.51,196,8.19
115,334.6,24.0,23.71,183,15.0,15.41,196,8.3
116,337.51,23.0,23.57,183,15.0,15.33,197,8.24
117,340.42,22.0,23.25,184,15.0,15.26,197,7.99
118,343.33,22.0,23.0,183,15.0,15.21,196,7.79
119,346.24,26.0,23.6,185,15.0,15.17,196,8.43
120,349.15,26.0,23.6,185,15.0,15.13,197,8.47
121,352.06,22.0,23.28,183,16.0,15.31,197,7.97
122,354.97,25.0,23.63,184,16.0,15.45,196,8.18
123,357.88,20.0,22.9,183,15.0,15.36,197,7.54
124,360.79,20.0,22.9,183,15.0,15.29,197,7.61
125,363.7,20.0,22.9,183,15.0,15.23,196,7.67
126,366.6,22.0,22.72,183,15.0,15.18,196,7.54
127,369.51,25.0,23.18,184,15.0,15.15,197,8.03
128,372.42,25.0,23.54,184,15.0,15.12,197,8.42
129,375.33,21.0,23.03,183,16.0,15.29,196,7.74
130,378.25,22.0,22.83,183,16.0,15.43,196,7.39
131,381.16,25.0,23.26,183,16.0,15.55,197,7.71
132,384.07,23.0,23.21,184,15.0,15.44,197,7.77
133,386.98,23.0,23.17,183,15.0,15.35,197,7.82
134,389.89,26.0,23.73,184,15.0,15.28,197,8.45
135,392.8,26.0,23.73,184,15.0,15.22,196,8.51
136,395.71,26.0,24.19,184,15.0,15.18,196,9.01
137,398.63,22.0,23.75,182,15.0,15.14,197,8.61
138,401.54,22.0,23.75,182,15.0,15.11,196,8.63
139,404.44,26.0,24.2,184,16.0,15.29,197,8.91
140,407.35,21.0,23.56,183,16.0,15.43,197,8.13
141,410.26,21.0,23.56,183,16.0,15.55,196,8.01
142,413.17,21.0,23.05,183,16.0,15.64,196,7.41
143,416.08,21.0,22.64,184,16.0,15.71,196,6.93
144,418.99,21.0,22.31,183,15.0,15.57,197,6.74
145,421.9,24.0,22.65,183,15.0,15.45,196,7.19
146,424.81,24.0,22.92,184,15.0,15.36,197,7.56
147,427.72,24.0,22.92,184,15.0,15.29,196,7.63
148,430.62,24.0,23.14,184,15.0,15.23,196,7.9
149,433.53,23.0,23.11,184,15.0,15.19,196,7.92
150,436.45,23.0,23.11,184,15.0,15.15,197,7.96
151,439.36,24.0,23.29,184,15.0,15.12,196,8.17
152,442.27,23.0,23.23,184,15.0,15.1,196,8.13
153,445.17,22.0,22.98,182,15.0,15.08,197,7.91
154,448.09,21.0,22.59,183,15.0,15.06,197,7.53
155,450.99,25.0,23.07,184,16.0,15.25,196,7.82
156,453.9,22.0,22.86,183,15.0,15.2,196,7.66
157,456.81,23.0,22.88,184,15.0,15.16,197,7.73
158,459.72,25.0,23.31,184,15.0,15.13,196,8.18
159,462.63,22.0,23.05,183,15.0,15.1,196,7.94
160,465.54,22.0,23.05,183,16.0,15.28,197,7.76
161,468.44,21.0,22.64,182,15.0,15.23,196,7.41
162,471.35,22.0,22.51,184,15.0,15.18,197,7.33
163,474.25,22.0,22.41,183,15.0,15.14,196,7.26
164,477.16,22.0,22.33,182,15.0,15.12,197,7.21
165,480.07,21.0,22.06,183,15.0,15.09,197,6.97
166,482.98,21.0,21.85,184,16.0,15.27,197,6.57
167,485.89,21.0,21.68,183,16.0,15.42,196,6.26
168,488.8,21.0,21.54,183,15.0,15.34,197,6.21
169,491.7,23.0,21.83,184,15.0,15.27,197,6.57
170,494.61,23.0,21.83,184,15.0,15.21,197,6.62
171,497.52,23.0,21.83,184,16.0,15.37,197,6.46
172,500.43,21.0,21.67,183,16.0,15.5,196,6.17
173,503.34,21.0,21.53,183,16.0,15.6,196,5.94
174,506.25,24.0,22.03,184,15.0,15.48,196,6.55
175,509.16,23.0,22.22,183,15.0,15.38,197,6.84
176,512.08,24.0,22.58,183,15.0,15.31,197,7.27
177,514.99,23.0,22.66,184,15.0,15.24,197,7.42
178,517.9,21.0,22.33,183,15.0,15.2,196,7.13
179,520.81,22.0,22.26,184,15.0,15.16,197,7.11
180,523.71,24.0,22.61,184,16.0,15.33,196,7.29
181,526.62,24.0,22.89,185,15.0,15.26,197,7.63
182,529.54,23.0,22.91,183,15.0,15.21,196,7.7
183,532.45,23.0,22.91,183,15.0,15.17,196,7.74
184,535.35,23.0,22.93,184,15.0,15.13,196,7.8
185,538.26,23.0,22.94,184,15.0,15.11,197,7.84
186,541.18,24.0,23.15,184,15.0,15.09,197,8.07
187,544.09,23.0,23.12,184,15.0,15.07,197,8.06
188,547.01,23.0,23.12,184,15.0,15.05,197,8.07
189,549.92,23.0,23.12,184,15.0,15.04,196,8.08
190,552.83,22.0,22.9,183,15.0,15.03,196,7.86
191,555.75,25.0,23.32,184,15.0,15.03,196,8.29
192,558.66,26.0,23.86,185,15.0,15.02,197,8.83
193,561.57,22.0,23.48,184,15.0,15.02,196,8.47
194,564.49,23.0,23.39,184,15.0,15.01,197,8.37
195,567.39,22.0,23.11,183,16.0,15.21,196,7.9
196,570.3,22.0,23.11,183,16.0,15.37,196,7.74
197,573.21,23.0,23.09,183,15.0,15.3,196,7.79
198,576.12,22.0,22.87,183,15.0,15.24,197,7.63
199,579.03,22.0,22.7,184,15.0,15.19,196,7.51
200,581.94,25.0,23.16,184,15.0,15.15,196,8.01
201,584.85,22.0,22.93,183,15.0,15.12,197,7.8
202,587.76,22.0,22.74,183,16.0,15.3,196,7.44
203,590.67,26.0,23.39,184,16.0,15.44,197,7.95
204,593.58,24.0,23.51,183,16.0,15.55,196,7.96
205,596.49,21.0,23.01,182,16.0,15.64,197,7.37
206,599.4,23.0,23.01,183,15.0,15.51,196,7.5
207,602.31,24.0,23.21,183,15.0,15.41,196,7.8
208,605.22,21.0,22.77,183,15.0,15.33,196,7.44
209,608.13,22.0,22.61,183,15.0,15.26,196,7.35
210,611.03,23.0,22.69,183,16.0,15.41,196,7.28
211,613.94,21.0,22.35,183,15.0,15.33,196,7.02
212,616.86,25.0,22.88,184,15.0,15.26,197,7.62
213,619.77,22.0,22.71,183,15.0,15.21,196,7.5
214,622.67,22.0,22.71,183,16.0,15.37,196,7.34
215,625.59,21.0,22.36,183,15.0,15.29,197,7.07
216,628.49,24.0,22.69,183,15.0,15.24,197,7.46
217,631.4,22.0,22.55,183,15.0,15.19,197,7.36
218,634.31,23.0,22.64,183,15.0,15.15,197,7.49
219,637.22,24.0,22.91,184,15.0,15.12,197,7.79
220,640.13,24.0,23.13,184,16.0,15.3,196,7.83
221,643.04,21.0,22.7,182,15.0,15.24,197,7.47
222,645.95,24.0,22.96,183,15.0,15.19,197,7.77
223,648.87,21.0,22.57,183,15.0,15.15,197,7.42
224,651.78,24.0,22.86,184,15.0,15.12,197,7.74
225,654.68,25.0,23.29,184,15.0,15.1,196,8.19
226,657.6,25.0,23.29,184,15.0,15.08,197,8.21
227,660.51,23.0,23.23,184,15.0,15.06,196,8.17
228,663.42,23.0,23.18,183,15.0,15.05,197,8.13
229,666.33,22.0,22.95,184,15.0,15.04,196,7.91
230,669.24,25.0,23.36,184,15.0,15.03,197,8.33
231,672.15,25.0,23.69,184,15.0,15.03,197,8.66
232,675.06,25.0,23.95,184,16.0,15.22,196,8.73
233,677.97,22.0,23.56,183,16.0,15.38,196,8.18
234,680.89,24.0,23.65,184,16.0,15.5,196,8.15
235,683.8,21.0,23.12,183,15.0,15.4,196,7.72
236,686.71,23.0,23.09,184,15.0,15.32,196,7.77
237,689.62,23.0,23.09,184,15.0,15.26,196,7.84
238,692.53,22.0,22.88,184,15.0,15.21,197,7.67
239,695.44,22.0,22.7,183,15.0,15.16,197,7.54
240,698.36,26.0,23.36,184,15.0,15.13,197,8.23
241,701.27,25.0,23.69,184,15.0,15.11,196,8.58
242,704.18,22.0,23.35,182,15.0,15.08,196,8.27
243,707.08,24.0,23.48,184,16.0,15.27,196,8.21
244,709.99,21.0,22.98,183,16.0,15.41,196,7.57
245,712.9,23.0,22.99,184,15.0,15.33,196,7.66
246,715.81,22.0,22.79,184,15.0,15.26,197,7.53
247,718.72,22.0,22.63,183,15.0,15.21,197,7.42
248,721.63,26.0,23.31,184,15.0,15.17,197,8.14
249,724.54,22.0,23.04,183,15.0,15.14,197,7.91
250,727.44,23.0,23.04,184,15.0,15.11,197,7.93
251,730.35,22.0,22.83,183,15.0,15.09,196,7.74
252,733.26,23.0,22.86,183,15.0,15.07,196,7.79
253,736.17,21.0,22.49,184,15.0,15.06,197,7.43
254,739.09,26.0,23.19,184,15.0,15.04,197,8.15
255,742.0,24.0,23.35,183,16.0,15.24,196,8.12
256,744.91,22.0,23.08,184,16.0,15.39,196,7.69
257,747.82,23.0,23.07,184,15.0,15.31,197,7.76
258,750.73,23.0,23.05,183,15.0,15.25,197,7.8
259,753.64,24.0,23.24,184,15.0,15.2,197,8.04
260,756.56,23.0,23.19,184,15.0,15.16,197,8.03
